price,asOfDate,currencyCode,__typename
155.7172,2024-10-11,GBP,FundPrice
155.0979,2024-10-10,GBP,FundPrice
155.0708,2024-10-09,GBP,FundPrice
153.8698,2024-10-08,GBP,FundPrice
153.1014,2024-10-07,GBP,FundPrice
153.5993,2024-10-04,GBP,FundPrice
152.7105,2024-10-03,GBP,FundPrice
151.5685,2024-10-02,GBP,FundPrice
151.5846,2024-10-01,GBP,FundPrice
151.6866,2024-09-30,GBP,FundPrice
151.956,2024-09-27,GBP,FundPrice
151.851,2024-09-26,GBP,FundPrice
150.9039,2024-09-25,GBP,FundPrice
151.0724,2024-09-24,GBP,FundPrice
150.9448,2024-09-23,GBP,FundPrice
151.4262,2024-09-20,GBP,FundPrice
152.4103,2024-09-19,GBP,FundPrice
150.3037,2024-09-18,GBP,FundPrice
150.9977,2024-09-17,GBP,FundPrice
150.9081,2024-09-16,GBP,FundPrice
151.2402,2024-09-13,GBP,FundPrice
151.0098,2024-09-12,GBP,FundPrice
150.2985,2024-09-11,GBP,FundPrice
148.5867,2024-09-10,GBP,FundPrice
147.9563,2024-09-09,GBP,FundPrice
145.8026,2024-09-06,GBP,FundPrice
148.0874,2024-09-05,GBP,FundPrice
148.454,2024-09-04,GBP,FundPrice
149.9205,2024-09-03,GBP,FundPrice
151.9128,2024-09-02,GBP,FundPrice
152.096,2024-08-30,GBP,FundPrice
150.6826,2024-08-29,GBP,FundPrice
150.1029,2024-08-28,GBP,FundPrice
150.6262,2024-08-27,GBP,FundPrice
151.3759,2024-08-23,GBP,FundPrice
150.539,2024-08-22,GBP,FundPrice
152.1043,2024-08-21,GBP,FundPrice
151.7953,2024-08-20,GBP,FundPrice
152.2792,2024-08-19,GBP,FundPrice
151.8964,2024-08-16,GBP,FundPrice
151.5497,2024-08-15,GBP,FundPrice
149.4532,2024-08-14,GBP,FundPrice
148.969,2024-08-13,GBP,FundPrice
146.7787,2024-08-12,GBP,FundPrice
147.2158,2024-08-09,GBP,FundPrice
146.8294,2024-08-08,GBP,FundPrice
144.2805,2024-08-07,GBP,FundPrice
144.995,2024-08-06,GBP,FundPrice
142.6152,2024-08-05,GBP,FundPrice
146.965,2024-08-02,GBP,FundPrice
150.2842,2024-08-01,GBP,FundPrice
152.5418,2024-07-31,GBP,FundPrice
150.2085,2024-07-30,GBP,FundPrice
150.6326,2024-07-29,GBP,FundPrice
150.3075,2024-07-26,GBP,FundPrice
148.6144,2024-07-25,GBP,FundPrice
149.3405,2024-07-24,GBP,FundPrice
152.4792,2024-07-23,GBP,FundPrice
152.4756,2024-07-22,GBP,FundPrice
151.0011,2024-07-19,GBP,FundPrice
151.3336,2024-07-18,GBP,FundPrice
152.2983,2024-07-17,GBP,FundPrice
154.8174,2024-07-16,GBP,FundPrice
153.7142,2024-07-15,GBP,FundPrice
153.4176,2024-07-12,GBP,FundPrice
153.2713,2024-07-11,GBP,FundPrice
154.687,2024-07-10,GBP,FundPrice
153.6173,2024-07-09,GBP,FundPrice
153.2758,2024-07-08,GBP,FundPrice
153.5079,2024-07-05,GBP,FundPrice
153.2177,2024-07-04,GBP,FundPrice
152.924,2024-07-03,GBP,FundPrice
152.9399,2024-07-02,GBP,FundPrice
152.6169,2024-07-01,GBP,FundPrice
152.3451,2024-06-28,GBP,FundPrice
152.604,2024-06-27,GBP,FundPrice
152.7406,2024-06-26,GBP,FundPrice
152.0502,2024-06-25,GBP,FundPrice
151.3176,2024-06-24,GBP,FundPrice
152.1369,2024-06-21,GBP,FundPrice
151.8748,2024-06-20,GBP,FundPrice
151.6709,2024-06-19,GBP,FundPrice
152.1147,2024-06-18,GBP,FundPrice
151.6718,2024-06-17,GBP,FundPrice
151.1118,2024-06-14,GBP,FundPrice
150.3361,2024-06-13,GBP,FundPrice
149.8298,2024-06-12,GBP,FundPrice
149.5502,2024-06-11,GBP,FundPrice
149.4667,2024-06-10,GBP,FundPrice
149.3467,2024-06-07,GBP,FundPrice
149.1877,2024-06-06,GBP,FundPrice
149.0596,2024-06-05,GBP,FundPrice
147.3707,2024-06-04,GBP,FundPrice
147.3574,2024-06-03,GBP,FundPrice
147.214,2024-05-31,GBP,FundPrice
146.2201,2024-05-30,GBP,FundPrice
147.0456,2024-05-29,GBP,FundPrice
147.7397,2024-05-28,GBP,FundPrice
148.0135,2024-05-24,GBP,FundPrice
147.6495,2024-05-23,GBP,FundPrice
148.2833,2024-05-22,GBP,FundPrice
148.8328,2024-05-21,GBP,FundPrice
148.9507,2024-05-20,GBP,FundPrice
148.7888,2024-05-17,GBP,FundPrice
149.1129,2024-05-16,GBP,FundPrice
149.4281,2024-05-15,GBP,FundPrice
148.4583,2024-05-14,GBP,FundPrice
148.0413,2024-05-13,GBP,FundPrice
148.5326,2024-05-10,GBP,FundPrice
148.1204,2024-05-09,GBP,FundPrice
147.7933,2024-05-08,GBP,FundPrice
147.4407,2024-05-07,GBP,FundPrice
145.6935,2024-05-03,GBP,FundPrice
144.5503,2024-05-02,GBP,FundPrice
143.0952,2024-05-01,GBP,FundPrice
143.8696,2024-04-30,GBP,FundPrice
145.2897,2024-04-29,GBP,FundPrice
145.7993,2024-04-26,GBP,FundPrice
143.9698,2024-04-25,GBP,FundPrice
145.5543,2024-04-24,GBP,FundPrice
145.4695,2024-04-23,GBP,FundPrice
144.7716,2024-04-22,GBP,FundPrice
142.3251,2024-04-19,GBP,FundPrice
143.5387,2024-04-18,GBP,FundPrice
143.5092,2024-04-17,GBP,FundPrice
144.5006,2024-04-16,GBP,FundPrice
145.2982,2024-04-15,GBP,FundPrice
147.1197,2024-04-12,GBP,FundPrice
148.013,2024-04-11,GBP,FundPrice
146.8375,2024-04-10,GBP,FundPrice
147.1338,2024-04-09,GBP,FundPrice
147.2536,2024-04-08,GBP,FundPrice
147.3052,2024-04-05,GBP,FundPrice
146.0168,2024-04-04,GBP,FundPrice
147.6682,2024-04-03,GBP,FundPrice
148.0614,2024-04-02,GBP,FundPrice
149.1321,2024-03-28,GBP,FundPrice
149.1516,2024-03-27,GBP,FundPrice
148.1682,2024-03-26,GBP,FundPrice
148.1535,2024-03-25,GBP,FundPrice
149.0909,2024-03-22,GBP,FundPrice
148.648,2024-03-21,GBP,FundPrice
147.0767,2024-03-20,GBP,FundPrice
145.965,2024-03-19,GBP,FundPrice
145.2685,2024-03-18,GBP,FundPrice
144.4099,2024-03-15,GBP,FundPrice
145.3361,2024-03-14,GBP,FundPrice
145.4212,2024-03-13,GBP,FundPrice
145.7964,2024-03-12,GBP,FundPrice
144.1683,2024-03-11,GBP,FundPrice
143.982,2024-03-08,GBP,FundPrice
145.4965,2024-03-07,GBP,FundPrice
144.4462,2024-03-06,GBP,FundPrice
143.7564,2024-03-05,GBP,FundPrice
145.4166,2024-03-04,GBP,FundPrice
146.0138,2024-03-01,GBP,FundPrice
144.8301,2024-02-29,GBP,FundPrice
144.0661,2024-02-28,GBP,FundPrice
144.1991,2024-02-27,GBP,FundPrice
143.9215,2024-02-26,GBP,FundPrice
144.2386,2024-02-23,GBP,FundPrice
144.7484,2024-02-22,GBP,FundPrice
142.1597,2024-02-21,GBP,FundPrice
141.8705,2024-02-20,GBP,FundPrice
143.3949,2024-02-19,GBP,FundPrice
143.3212,2024-02-16,GBP,FundPrice
143.6209,2024-02-15,GBP,FundPrice
143.0781,2024-02-14,GBP,FundPrice
141.2242,2024-02-13,GBP,FundPrice
142.9927,2024-02-12,GBP,FundPrice
142.8221,2024-02-09,GBP,FundPrice
142.2837,2024-02-08,GBP,FundPrice
141.8213,2024-02-07,GBP,FundPrice
141.4492,2024-02-06,GBP,FundPrice
141.6674,2024-02-05,GBP,FundPrice
140.7379,2024-02-02,GBP,FundPrice
139.3272,2024-02-01,GBP,FundPrice
138.1568,2024-01-31,GBP,FundPrice
140.4137,2024-01-30,GBP,FundPrice
140.4516,2024-01-29,GBP,FundPrice
138.9304,2024-01-26,GBP,FundPrice
139.1576,2024-01-25,GBP,FundPrice
138.3188,2024-01-24,GBP,FundPrice
138.8511,2024-01-23,GBP,FundPrice
138.2211,2024-01-22,GBP,FundPrice
137.9011,2024-01-19,GBP,FundPrice
136.4364,2024-01-18,GBP,FundPrice
135.5422,2024-01-17,GBP,FundPrice
136.7302,2024-01-16,GBP,FundPrice
136.6041,2024-01-15,GBP,FundPrice
136.4335,2024-01-12,GBP,FundPrice
136.6338,2024-01-11,GBP,FundPrice
136.5002,2024-01-10,GBP,FundPrice
136.1449,2024-01-09,GBP,FundPrice
135.8203,2024-01-08,GBP,FundPrice
134.0845,2024-01-05,GBP,FundPrice
134.3757,2024-01-04,GBP,FundPrice
135.191,2024-01-03,GBP,FundPrice
136.8732,2024-01-02,GBP,FundPrice
136.724,2023-12-29,GBP,FundPrice
136.9661,2023-12-28,GBP,FundPrice
136.5202,2023-12-27,GBP,FundPrice
136.1764,2023-12-22,GBP,FundPrice
136.5184,2023-12-21,GBP,FundPrice
135.2803,2023-12-20,GBP,FundPrice
135.8331,2023-12-19,GBP,FundPrice
135.8939,2023-12-18,GBP,FundPrice
135.1021,2023-12-15,GBP,FundPrice
134.522,2023-12-14,GBP,FundPrice
135.6846,2023-12-13,GBP,FundPrice
133.7451,2023-12-12,GBP,FundPrice
133.3038,2023-12-11,GBP,FundPrice
133.0049,2023-12-08,GBP,FundPrice
132.2497,2023-12-07,GBP,FundPrice
131.1901,2023-12-06,GBP,FundPrice
131.0504,2023-12-05,GBP,FundPrice
131.1637,2023-12-04,GBP,FundPrice
131.4084,2023-12-01,GBP,FundPrice
130.3162,2023-11-30,GBP,FundPrice
129.6263,2023-11-29,GBP,FundPrice
129.5187,2023-11-28,GBP,FundPrice
130.0936,2023-11-27,GBP,FundPrice
130.2719,2023-11-24,GBP,FundPrice
130.8375,2023-11-23,GBP,FundPrice
131.497,2023-11-22,GBP,FundPrice
130.3765,2023-11-21,GBP,FundPrice
131.1266,2023-11-20,GBP,FundPrice
130.7993,2023-11-17,GBP,FundPrice
130.2794,2023-11-16,GBP,FundPrice
130.2626,2023-11-15,GBP,FundPrice
129.4857,2023-11-14,GBP,FundPrice
128.7317,2023-11-13,GBP,FundPrice
129.3069,2023-11-10,GBP,FundPrice
127.2891,2023-11-09,GBP,FundPrice
127.8165,2023-11-08,GBP,FundPrice
127.6227,2023-11-07,GBP,FundPrice
126.5623,2023-11-06,GBP,FundPrice
126.3505,2023-11-03,GBP,FundPrice
126.7232,2023-11-02,GBP,FundPrice
124.769,2023-11-01,GBP,FundPrice
123.6946,2023-10-31,GBP,FundPrice
122.9903,2023-10-30,GBP,FundPrice
121.9441,2023-10-27,GBP,FundPrice
122.3629,2023-10-26,GBP,FundPrice
123.6911,2023-10-25,GBP,FundPrice
124.9515,2023-10-24,GBP,FundPrice
123.8767,2023-10-23,GBP,FundPrice
124.6656,2023-10-20,GBP,FundPrice
126.2075,2023-10-19,GBP,FundPrice
127.5317,2023-10-18,GBP,FundPrice
128.9545,2023-10-17,GBP,FundPrice
128.6572,2023-10-16,GBP,FundPrice
128.1586,2023-10-13,GBP,FundPrice
128.5949,2023-10-12,GBP,FundPrice
128.3444,2023-10-11,GBP,FundPrice
128.244,2023-10-10,GBP,FundPrice
127.5016,2023-10-09,GBP,FundPrice
127.3655,2023-10-06,GBP,FundPrice
126.358,2023-10-05,GBP,FundPrice
126.4531,2023-10-04,GBP,FundPrice
126.1257,2023-10-03,GBP,FundPrice
127.6261,2023-10-02,GBP,FundPrice
127.1273,2023-09-29,GBP,FundPrice
127.1499,2023-09-28,GBP,FundPrice
126.9682,2023-09-27,GBP,FundPrice
126.8354,2023-09-26,GBP,FundPrice
128.1458,2023-09-25,GBP,FundPrice
127.4284,2023-09-22,GBP,FundPrice
127.4749,2023-09-21,GBP,FundPrice
128.5494,2023-09-20,GBP,FundPrice
129.2093,2023-09-19,GBP,FundPrice
129.6542,2023-09-18,GBP,FundPrice
129.8376,2023-09-15,GBP,FundPrice
130.6676,2023-09-14,GBP,FundPrice
128.7774,2023-09-13,GBP,FundPrice
128.9979,2023-09-12,GBP,FundPrice
129.0914,2023-09-11,GBP,FundPrice
128.5309,2023-09-08,GBP,FundPrice
128.6411,2023-09-07,GBP,FundPrice
128.9964,2023-09-06,GBP,FundPrice
129.1226,2023-09-05,GBP,FundPrice
129.2746,2023-09-04,GBP,FundPrice
129.2108,2023-09-01,GBP,FundPrice
128.5269,2023-08-31,GBP,FundPrice
128.0839,2023-08-30,GBP,FundPrice
128.7625,2023-08-29,GBP,FundPrice
126.2587,2023-08-25,GBP,FundPrice
125.1045,2023-08-24,GBP,FundPrice
126.136,2023-08-23,GBP,FundPrice
124.2627,2023-08-22,GBP,FundPrice
124.3099,2023-08-21,GBP,FundPrice
123.6616,2023-08-18,GBP,FundPrice
123.6249,2023-08-17,GBP,FundPrice
124.8593,2023-08-16,GBP,FundPrice
125.9663,2023-08-15,GBP,FundPrice
127.9014,2023-08-14,GBP,FundPrice
127.0919,2023-08-11,GBP,FundPrice
127.4682,2023-08-10,GBP,FundPrice
127.1145,2023-08-09,GBP,FundPrice
127.871,2023-08-08,GBP,FundPrice
128.1633,2023-08-07,GBP,FundPrice
127.5969,2023-08-04,GBP,FundPrice
128.4168,2023-08-03,GBP,FundPrice
128.9908,2023-08-02,GBP,FundPrice
130.4057,2023-08-01,GBP,FundPrice
130.4654,2023-07-31,GBP,FundPrice
130.2102,2023-07-28,GBP,FundPrice
129.1936,2023-07-27,GBP,FundPrice
128.9158,2023-07-26,GBP,FundPrice
129.5766,2023-07-25,GBP,FundPrice
129.6064,2023-07-24,GBP,FundPrice
129.0284,2023-07-21,GBP,FundPrice
129.1238,2023-07-20,GBP,FundPrice
130.0892,2023-07-19,GBP,FundPrice
127.8108,2023-07-18,GBP,FundPrice
126.8398,2023-07-17,GBP,FundPrice
126.17,2023-07-14,GBP,FundPrice
126.1544,2023-07-13,GBP,FundPrice
125.7774,2023-07-12,GBP,FundPrice
125.3128,2023-07-11,GBP,FundPrice
125.1777,2023-07-10,GBP,FundPrice
124.7704,2023-07-07,GBP,FundPrice
126.1289,2023-07-06,GBP,FundPrice
127.348,2023-07-05,GBP,FundPrice
127.6887,2023-07-04,GBP,FundPrice
128.0251,2023-07-03,GBP,FundPrice
127.5077,2023-06-30,GBP,FundPrice
127.0999,2023-06-29,GBP,FundPrice
126.8024,2023-06-28,GBP,FundPrice
125.243,2023-06-27,GBP,FundPrice
124.3347,2023-06-26,GBP,FundPrice
124.858,2023-06-23,GBP,FundPrice
125.7434,2023-06-22,GBP,FundPrice
125.5845,2023-06-21,GBP,FundPrice
126.2816,2023-06-20,GBP,FundPrice
126.2589,2023-06-19,GBP,FundPrice
126.4398,2023-06-16,GBP,FundPrice
127.3654,2023-06-15,GBP,FundPrice
126.7252,2023-06-14,GBP,FundPrice
127.2375,2023-06-13,GBP,FundPrice
127.1497,2023-06-12,GBP,FundPrice
125.404,2023-06-09,GBP,FundPrice
125.6521,2023-06-08,GBP,FundPrice
125.7748,2023-06-07,GBP,FundPrice
127.0199,2023-06-06,GBP,FundPrice
126.5966,2023-06-05,GBP,FundPrice
125.9789,2023-06-02,GBP,FundPrice
123.8016,2023-06-01,GBP,FundPrice
123.6898,2023-05-31,GBP,FundPrice
124.5149,2023-05-30,GBP,FundPrice
125.2426,2023-05-26,GBP,FundPrice
123.7527,2023-05-25,GBP,FundPrice
122.8839,2023-05-24,GBP,FundPrice
123.576,2023-05-23,GBP,FundPrice
124.8986,2023-05-22,GBP,FundPrice
124.4402,2023-05-19,GBP,FundPrice
124.6895,2023-05-18,GBP,FundPrice
123.1241,2023-05-17,GBP,FundPrice
121.957,2023-05-16,GBP,FundPrice
122.4274,2023-05-15,GBP,FundPrice
122.2906,2023-05-12,GBP,FundPrice
122.0528,2023-05-11,GBP,FundPrice
121.3414,2023-05-10,GBP,FundPrice
120.9017,2023-05-09,GBP,FundPrice
121.2048,2023-05-05,GBP,FundPrice
119.7709,2023-05-04,GBP,FundPrice
120.8236,2023-05-03,GBP,FundPrice
121.7271,2023-05-02,GBP,FundPrice
122.4824,2023-04-28,GBP,FundPrice
122.5424,2023-04-27,GBP,FundPrice
120.827,2023-04-26,GBP,FundPrice
121.7299,2023-04-25,GBP,FundPrice
122.8602,2023-04-24,GBP,FundPrice
123.4809,2023-04-21,GBP,FundPrice
122.8185,2023-04-20,GBP,FundPrice
123.3593,2023-04-19,GBP,FundPrice
123.7204,2023-04-18,GBP,FundPrice
124.024,2023-04-17,GBP,FundPrice
123.0796,2023-04-14,GBP,FundPrice
122.6031,2023-04-13,GBP,FundPrice
121.407,2023-04-12,GBP,FundPrice
121.9258,2023-04-11,GBP,FundPrice
121.5522,2023-04-06,GBP,FundPrice
121.0875,2023-04-05,GBP,FundPrice
121.2498,2023-04-04,GBP,FundPrice
122.6599,2023-04-03,GBP,FundPrice
122.7563,2023-03-31,GBP,FundPrice
121.0504,2023-03-30,GBP,FundPrice
120.771,2023-03-29,GBP,FundPrice
119.1013,2023-03-28,GBP,FundPrice
119.6748,2023-03-27,GBP,FundPrice
119.8509,2023-03-24,GBP,FundPrice
119.084,2023-03-23,GBP,FundPrice
119.2715,2023-03-22,GBP,FundPrice
120.8072,2023-03-21,GBP,FundPrice
118.6888,2023-03-20,GBP,FundPrice
119.0942,2023-03-17,GBP,FundPrice
120.2709,2023-03-16,GBP,FundPrice
119.2081,2023-03-15,GBP,FundPrice
119.1436,2023-03-14,GBP,FundPrice
117.6924,2023-03-13,GBP,FundPrice
118.7592,2023-03-10,GBP,FundPrice
122.4341,2023-03-09,GBP,FundPrice
124.8485,2023-03-08,GBP,FundPrice
124.416,2023-03-07,GBP,FundPrice
124.5565,2023-03-06,GBP,FundPrice
124.8633,2023-03-03,GBP,FundPrice
123.3086,2023-03-02,GBP,FundPrice
122.3116,2023-03-01,GBP,FundPrice
121.7909,2023-02-28,GBP,FundPrice
122.7749,2023-02-27,GBP,FundPrice
123.0302,2023-02-24,GBP,FundPrice
123.6145,2023-02-23,GBP,FundPrice
122.8011,2023-02-22,GBP,FundPrice
122.4308,2023-02-21,GBP,FundPrice
125.6824,2023-02-20,GBP,FundPrice
125.8637,2023-02-17,GBP,FundPrice
126.1821,2023-02-16,GBP,FundPrice
127.4376,2023-02-15,GBP,FundPrice
125.5811,2023-02-14,GBP,FundPrice
125.5857,2023-02-13,GBP,FundPrice
125.015,2023-02-10,GBP,FundPrice
124.7031,2023-02-09,GBP,FundPrice
126.2853,2023-02-08,GBP,FundPrice
127.8941,2023-02-07,GBP,FundPrice
126.6269,2023-02-06,GBP,FundPrice
127.0611,2023-02-03,GBP,FundPrice
126.437,2023-02-02,GBP,FundPrice
123.9325,2023-02-01,GBP,FundPrice
122.9817,2023-01-31,GBP,FundPrice
121.0702,2023-01-30,GBP,FundPrice
122.4766,2023-01-27,GBP,FundPrice
121.9218,2023-01-26,GBP,FundPrice
120.9336,2023-01-25,GBP,FundPrice
121.2439,2023-01-24,GBP,FundPrice
120.6995,2023-01-23,GBP,FundPrice
119.3019,2023-01-20,GBP,FundPrice
117.533,2023-01-19,GBP,FundPrice
118.4906,2023-01-18,GBP,FundPrice
120.5087,2023-01-17,GBP,FundPrice
121.1981,2023-01-16,GBP,FundPrice
121.0696,2023-01-13,GBP,FundPrice
120.8363,2023-01-12,GBP,FundPrice
120.2549,2023-01-11,GBP,FundPrice
118.6487,2023-01-10,GBP,FundPrice
117.7631,2023-01-09,GBP,FundPrice
118.3861,2023-01-06,GBP,FundPrice
117.5634,2023-01-05,GBP,FundPrice
117.4645,2023-01-04,GBP,FundPrice
116.7296,2023-01-03,GBP,FundPrice
116.4538,2022-12-30,GBP,FundPrice
116.6057,2022-12-29,GBP,FundPrice
115.0055,2022-12-28,GBP,FundPrice
116.2183,2022-12-23,GBP,FundPrice
116.3007,2022-12-22,GBP,FundPrice
116.81,2022-12-21,GBP,FundPrice
115.0953,2022-12-20,GBP,FundPrice
114.9512,2022-12-19,GBP,FundPrice
115.8293,2022-12-16,GBP,FundPrice
116.4937,2022-12-15,GBP,FundPrice
117.8634,2022-12-14,GBP,FundPrice
118.3628,2022-12-13,GBP,FundPrice
118.3325,2022-12-12,GBP,FundPrice
117.1375,2022-12-09,GBP,FundPrice
118.0689,2022-12-08,GBP,FundPrice
117.4687,2022-12-07,GBP,FundPrice
117.4963,2022-12-06,GBP,FundPrice
119.1548,2022-12-05,GBP,FundPrice
120.9331,2022-12-02,GBP,FundPrice
120.7791,2022-12-01,GBP,FundPrice
123.3808,2022-11-30,GBP,FundPrice
119.5892,2022-11-29,GBP,FundPrice
119.5135,2022-11-28,GBP,FundPrice
120.5634,2022-11-25,GBP,FundPrice
120.2287,2022-11-24,GBP,FundPrice
120.5054,2022-11-23,GBP,FundPrice
121.2754,2022-11-22,GBP,FundPrice
120.8378,2022-11-21,GBP,FundPrice
120.2204,2022-11-18,GBP,FundPrice
120.9857,2022-11-17,GBP,FundPrice
120.5664,2022-11-16,GBP,FundPrice
121.6062,2022-11-15,GBP,FundPrice
122.1668,2022-11-14,GBP,FundPrice
122.7705,2022-11-11,GBP,FundPrice
121.8207,2022-11-10,GBP,FundPrice
118.6525,2022-11-09,GBP,FundPrice
118.6757,2022-11-08,GBP,FundPrice
118.616,2022-11-07,GBP,FundPrice
119.2656,2022-11-04,GBP,FundPrice
118.6232,2022-11-03,GBP,FundPrice
117.4493,2022-11-02,GBP,FundPrice
119.8717,2022-11-01,GBP,FundPrice
119.8988,2022-10-31,GBP,FundPrice
119.6833,2022-10-28,GBP,FundPrice
118.0329,2022-10-27,GBP,FundPrice
118.4987,2022-10-26,GBP,FundPrice
120.2482,2022-10-25,GBP,FundPrice
119.3717,2022-10-24,GBP,FundPrice
119.5028,2022-10-21,GBP,FundPrice
116.3509,2022-10-20,GBP,FundPrice
117.6238,2022-10-19,GBP,FundPrice
118.2123,2022-10-18,GBP,FundPrice
115.7515,2022-10-17,GBP,FundPrice
114.7901,2022-10-14,GBP,FundPrice
116.6054,2022-10-13,GBP,FundPrice
116.3833,2022-10-12,GBP,FundPrice
116.556,2022-10-11,GBP,FundPrice
117.9753,2022-10-10,GBP,FundPrice
118.1571,2022-10-07,GBP,FundPrice
120.7401,2022-10-06,GBP,FundPrice
121.1584,2022-10-05,GBP,FundPrice
120.0446,2022-10-04,GBP,FundPrice
117.3913,2022-10-03,GBP,FundPrice
116.3289,2022-09-30,GBP,FundPrice
118.7769,2022-09-29,GBP,FundPrice
123.905,2022-09-28,GBP,FundPrice
121.8991,2022-09-27,GBP,FundPrice
121.9129,2022-09-26,GBP,FundPrice
122.1928,2022-09-23,GBP,FundPrice
120.4089,2022-09-22,GBP,FundPrice
121.1628,2022-09-21,GBP,FundPrice
122.1222,2022-09-20,GBP,FundPrice
122.7609,2022-09-16,GBP,FundPrice
123.2218,2022-09-15,GBP,FundPrice
123.3254,2022-09-14,GBP,FundPrice
123.9928,2022-09-13,GBP,FundPrice
127.0037,2022-09-12,GBP,FundPrice
126.7117,2022-09-09,GBP,FundPrice
125.4574,2022-09-08,GBP,FundPrice
124.5368,2022-09-07,GBP,FundPrice
122.3353,2022-09-06,GBP,FundPrice
123.1142,2022-09-05,GBP,FundPrice
122.7662,2022-09-02,GBP,FundPrice
123.8459,2022-09-01,GBP,FundPrice
123.5176,2022-08-31,GBP,FundPrice
124.2152,2022-08-30,GBP,FundPrice
124.8329,2022-08-26,GBP,FundPrice
128.0551,2022-08-25,GBP,FundPrice
126.4999,2022-08-24,GBP,FundPrice
125.9302,2022-08-23,GBP,FundPrice
127.1268,2022-08-22,GBP,FundPrice
129.5781,2022-08-19,GBP,FundPrice
129.3902,2022-08-18,GBP,FundPrice
128.923,2022-08-17,GBP,FundPrice
129.5583,2022-08-16,GBP,FundPrice
129.7165,2022-08-15,GBP,FundPrice
128.8286,2022-08-12,GBP,FundPrice
126.118,2022-08-11,GBP,FundPrice
125.9165,2022-08-10,GBP,FundPrice
124.8092,2022-08-09,GBP,FundPrice
125.4611,2022-08-08,GBP,FundPrice
125.7842,2022-08-05,GBP,FundPrice
125.669,2022-08-04,GBP,FundPrice
125.0654,2022-08-03,GBP,FundPrice
122.5191,2022-08-02,GBP,FundPrice
122.8334,2022-08-01,GBP,FundPrice
124.2588,2022-07-29,GBP,FundPrice
123.1964,2022-07-28,GBP,FundPrice
122.6015,2022-07-27,GBP,FundPrice
120.0202,2022-07-26,GBP,FundPrice
121.3707,2022-07-25,GBP,FundPrice
121.6491,2022-07-22,GBP,FundPrice
123.3343,2022-07-21,GBP,FundPrice
121.6883,2022-07-20,GBP,FundPrice
120.4241,2022-07-19,GBP,FundPrice
117.6426,2022-07-18,GBP,FundPrice
119.5337,2022-07-15,GBP,FundPrice
117.9307,2022-07-14,GBP,FundPrice
117.3258,2022-07-13,GBP,FundPrice
118.2965,2022-07-12,GBP,FundPrice
119.2197,2022-07-11,GBP,FundPrice
119.3647,2022-07-08,GBP,FundPrice
119.5622,2022-07-07,GBP,FundPrice
118.5307,2022-07-06,GBP,FundPrice
118.1639,2022-07-05,GBP,FundPrice
116.0834,2022-07-04,GBP,FundPrice
116.873,2022-07-01,GBP,FundPrice
114.8989,2022-06-30,GBP,FundPrice
116.4027,2022-06-29,GBP,FundPrice
116.0353,2022-06-28,GBP,FundPrice
117.1074,2022-06-27,GBP,FundPrice
117.175,2022-06-24,GBP,FundPrice
114.0751,2022-06-23,GBP,FundPrice
112.8846,2022-06-22,GBP,FundPrice
113.1555,2022-06-21,GBP,FundPrice
111.3836,2022-06-20,GBP,FundPrice
111.7298,2022-06-17,GBP,FundPrice
110.591,2022-06-16,GBP,FundPrice
115.4277,2022-06-15,GBP,FundPrice
114.4574,2022-06-14,GBP,FundPrice
114.0009,2022-06-13,GBP,FundPrice
116.4226,2022-06-10,GBP,FundPrice
118.1566,2022-06-09,GBP,FundPrice
120.6777,2022-06-08,GBP,FundPrice
121.3538,2022-06-07,GBP,FundPrice
121.1182,2022-06-06,GBP,FundPrice
120.9836,2022-06-01,GBP,FundPrice
120.969,2022-05-31,GBP,FundPrice
121.5354,2022-05-30,GBP,FundPrice
121.2458,2022-05-27,GBP,FundPrice
118.9558,2022-05-26,GBP,FundPrice
117.2051,2022-05-25,GBP,FundPrice
116.5279,2022-05-24,GBP,FundPrice
117.3359,2022-05-23,GBP,FundPrice
116.4204,2022-05-20,GBP,FundPrice
115.9519,2022-05-19,GBP,FundPrice
117.1901,2022-05-18,GBP,FundPrice
120.3021,2022-05-17,GBP,FundPrice
119.929,2022-05-16,GBP,FundPrice
120.8146,2022-05-13,GBP,FundPrice
117.8538,2022-05-12,GBP,FundPrice
117.0992,2022-05-11,GBP,FundPrice
118.8914,2022-05-10,GBP,FundPrice
118.6526,2022-05-09,GBP,FundPrice
122.1393,2022-05-06,GBP,FundPrice
123.2237,2022-05-05,GBP,FundPrice
125.7589,2022-05-04,GBP,FundPrice
123.3332,2022-05-03,GBP,FundPrice
122.8569,2022-04-29,GBP,FundPrice
126.9679,2022-04-28,GBP,FundPrice
123.9041,2022-04-27,GBP,FundPrice
123.0398,2022-04-26,GBP,FundPrice
125.264,2022-04-25,GBP,FundPrice
123.8901,2022-04-22,GBP,FundPrice
125.3629,2022-04-21,GBP,FundPrice
126.6791,2022-04-20,GBP,FundPrice
126.8504,2022-04-19,GBP,FundPrice
125.2859,2022-04-14,GBP,FundPrice
126.5476,2022-04-13,GBP,FundPrice
125.3199,2022-04-12,GBP,FundPrice
126.0031,2022-04-11,GBP,FundPrice
127.9461,2022-04-08,GBP,FundPrice
127.7334,2022-04-07,GBP,FundPrice
127.5066,2022-04-06,GBP,FundPrice
128.9988,2022-04-05,GBP,FundPrice
130.6139,2022-04-04,GBP,FundPrice
129.5104,2022-04-01,GBP,FundPrice
128.8261,2022-03-31,GBP,FundPrice
130.6046,2022-03-30,GBP,FundPrice
131.7562,2022-03-29,GBP,FundPrice
129.9338,2022-03-28,GBP,FundPrice
128.1632,2022-03-25,GBP,FundPrice
128.1238,2022-03-24,GBP,FundPrice
126.6523,2022-03-23,GBP,FundPrice
127.5055,2022-03-22,GBP,FundPrice
126.6752,2022-03-21,GBP,FundPrice
127.4169,2022-03-18,GBP,FundPrice
126.1108,2022-03-17,GBP,FundPrice
124.7844,2022-03-16,GBP,FundPrice
121.669,2022-03-15,GBP,FundPrice
119.9184,2022-03-14,GBP,FundPrice
120.1853,2022-03-11,GBP,FundPrice
121.321,2022-03-10,GBP,FundPrice
121.4132,2022-03-09,GBP,FundPrice
117.969,2022-03-08,GBP,FundPrice
118.654,2022-03-07,GBP,FundPrice
121.6678,2022-03-04,GBP,FundPrice
122.6682,2022-03-03,GBP,FundPrice
123.9383,2022-03-02,GBP,FundPrice
122.2615,2022-03-01,GBP,FundPrice
123.6013,2022-02-28,GBP,FundPrice
123.7581,2022-02-25,GBP,FundPrice
122.1414,2022-02-24,GBP,FundPrice
119.3668,2022-02-23,GBP,FundPrice
120.8857,2022-02-22,GBP,FundPrice
121.907,2022-02-21,GBP,FundPrice
122.4403,2022-02-18,GBP,FundPrice
123.1097,2022-02-17,GBP,FundPrice
125.8301,2022-02-16,GBP,FundPrice
126.0876,2022-02-15,GBP,FundPrice
124.18,2022-02-14,GBP,FundPrice
124.3448,2022-02-11,GBP,FundPrice
126.4911,2022-02-10,GBP,FundPrice
128.8201,2022-02-09,GBP,FundPrice
126.5746,2022-02-08,GBP,FundPrice
125.8785,2022-02-07,GBP,FundPrice
126.1373,2022-02-04,GBP,FundPrice
124.97,2022-02-03,GBP,FundPrice
128.0748,2022-02-02,GBP,FundPrice
127.5701,2022-02-01,GBP,FundPrice
127.6776,2022-01-31,GBP,FundPrice
125.2044,2022-01-28,GBP,FundPrice
123.0045,2022-01-27,GBP,FundPrice
123.3374,2022-01-26,GBP,FundPrice
123.4858,2022-01-25,GBP,FundPrice
125.3906,2022-01-24,GBP,FundPrice
125.0609,2022-01-21,GBP,FundPrice
126.5175,2022-01-20,GBP,FundPrice
127.5106,2022-01-19,GBP,FundPrice
129.2411,2022-01-18,GBP,FundPrice
130.892,2022-01-17,GBP,FundPrice
130.5081,2022-01-14,GBP,FundPrice
130.5378,2022-01-13,GBP,FundPrice
132.5045,2022-01-12,GBP,FundPrice
132.5083,2022-01-11,GBP,FundPrice
131.9354,2022-01-10,GBP,FundPrice
132.2223,2022-01-07,GBP,FundPrice
133.1889,2022-01-06,GBP,FundPrice
133.6451,2022-01-05,GBP,FundPrice
136.1456,2022-01-04,GBP,FundPrice
135.9052,2021-12-31,GBP,FundPrice
136.6732,2021-12-30,GBP,FundPrice
137.1259,2021-12-29,GBP,FundPrice
136.2759,2021-12-24,GBP,FundPrice
136.2645,2021-12-23,GBP,FundPrice
135.9114,2021-12-22,GBP,FundPrice
135.6892,2021-12-21,GBP,FundPrice
133.5164,2021-12-20,GBP,FundPrice
134.8721,2021-12-17,GBP,FundPrice
135.0976,2021-12-16,GBP,FundPrice
136.9298,2021-12-15,GBP,FundPrice
134.9965,2021-12-14,GBP,FundPrice
136.2252,2021-12-13,GBP,FundPrice
137.3412,2021-12-10,GBP,FundPrice
136.9278,2021-12-09,GBP,FundPrice
137.9234,2021-12-08,GBP,FundPrice
137.1132,2021-12-07,GBP,FundPrice
134.1349,2021-12-06,GBP,FundPrice
133.1379,2021-12-03,GBP,FundPrice
133.4487,2021-12-02,GBP,FundPrice
132.2839,2021-12-01,GBP,FundPrice
133.8907,2021-11-30,GBP,FundPrice
135.4796,2021-11-29,GBP,FundPrice
134.1481,2021-11-26,GBP,FundPrice
137.1428,2021-11-25,GBP,FundPrice
136.8977,2021-11-24,GBP,FundPrice
136.455,2021-11-23,GBP,FundPrice
136.5871,2021-11-22,GBP,FundPrice
136.988,2021-11-19,GBP,FundPrice
136.8403,2021-11-18,GBP,FundPrice
136.7097,2021-11-17,GBP,FundPrice
137.7096,2021-11-16,GBP,FundPrice
137.2563,2021-11-15,GBP,FundPrice
137.5629,2021-11-12,GBP,FundPrice
136.6129,2021-11-11,GBP,FundPrice
135.6674,2021-11-10,GBP,FundPrice
136.1465,2021-11-09,GBP,FundPrice
136.396,2021-11-08,GBP,FundPrice
136.8847,2021-11-05,GBP,FundPrice
136.6675,2021-11-04,GBP,FundPrice
134.3837,2021-11-03,GBP,FundPrice
134.0787,2021-11-02,GBP,FundPrice
133.1216,2021-11-01,GBP,FundPrice
132.4268,2021-10-29,GBP,FundPrice
131.6419,2021-10-28,GBP,FundPrice
131.2538,2021-10-27,GBP,FundPrice
131.0399,2021-10-26,GBP,FundPrice
130.9965,2021-10-25,GBP,FundPrice
130.5624,2021-10-22,GBP,FundPrice
130.2354,2021-10-21,GBP,FundPrice
129.8512,2021-10-20,GBP,FundPrice
129.6533,2021-10-19,GBP,FundPrice
129.4364,2021-10-18,GBP,FundPrice
128.7616,2021-10-15,GBP,FundPrice
128.5421,2021-10-14,GBP,FundPrice
127.007,2021-10-13,GBP,FundPrice
126.6414,2021-10-12,GBP,FundPrice
126.6782,2021-10-11,GBP,FundPrice
127.1422,2021-10-08,GBP,FundPrice
127.5717,2021-10-07,GBP,FundPrice
126.7528,2021-10-06,GBP,FundPrice
126.2447,2021-10-05,GBP,FundPrice
125.5704,2021-10-04,GBP,FundPrice
127.6518,2021-10-01,GBP,FundPrice
127.5424,2021-09-30,GBP,FundPrice
128.9686,2021-09-29,GBP,FundPrice
128.2119,2021-09-28,GBP,FundPrice
129.4302,2021-09-27,GBP,FundPrice
130.0823,2021-09-24,GBP,FundPrice
129.5827,2021-09-23,GBP,FundPrice
129.2237,2021-09-22,GBP,FundPrice
128.3298,2021-09-21,GBP,FundPrice
128.029,2021-09-20,GBP,FundPrice
129.3257,2021-09-17,GBP,FundPrice
130.0222,2021-09-16,GBP,FundPrice
129.6578,2021-09-15,GBP,FundPrice
128.936,2021-09-14,GBP,FundPrice
129.2645,2021-09-13,GBP,FundPrice
129.2076,2021-09-10,GBP,FundPrice
129.8827,2021-09-09,GBP,FundPrice
131.3184,2021-09-08,GBP,FundPrice
131.4103,2021-09-07,GBP,FundPrice
131.4274,2021-09-06,GBP,FundPrice
130.7658,2021-09-03,GBP,FundPrice
130.971,2021-09-02,GBP,FundPrice
131.0974,2021-09-01,GBP,FundPrice
130.7284,2021-08-31,GBP,FundPrice
130.3959,2021-08-27,GBP,FundPrice
129.6005,2021-08-26,GBP,FundPrice
130.1128,2021-08-25,GBP,FundPrice
129.9634,2021-08-24,GBP,FundPrice
129.5833,2021-08-23,GBP,FundPrice
129.2443,2021-08-20,GBP,FundPrice
127.9911,2021-08-19,GBP,FundPrice
127.5454,2021-08-18,GBP,FundPrice
128.4719,2021-08-17,GBP,FundPrice
128.306,2021-08-16,GBP,FundPrice
128.4733,2021-08-13,GBP,FundPrice
128.3098,2021-08-12,GBP,FundPrice
127.7217,2021-08-11,GBP,FundPrice
127.6062,2021-08-10,GBP,FundPrice
127.7174,2021-08-09,GBP,FundPrice
127.515,2021-08-06,GBP,FundPrice
127.1281,2021-08-05,GBP,FundPrice
126.6956,2021-08-04,GBP,FundPrice
126.9205,2021-08-03,GBP,FundPrice
126.3191,2021-08-02,GBP,FundPrice
126.2857,2021-07-30,GBP,FundPrice
126.3901,2021-07-29,GBP,FundPrice
126.5346,2021-07-28,GBP,FundPrice
126.3276,2021-07-27,GBP,FundPrice
127.4483,2021-07-26,GBP,FundPrice
127.9378,2021-07-23,GBP,FundPrice
126.8017,2021-07-22,GBP,FundPrice
127.1346,2021-07-21,GBP,FundPrice
126.6202,2021-07-20,GBP,FundPrice
124.713,2021-07-19,GBP,FundPrice
125.4415,2021-07-16,GBP,FundPrice
125.4987,2021-07-15,GBP,FundPrice
126.0877,2021-07-14,GBP,FundPrice
126.44,2021-07-13,GBP,FundPrice
126.3547,2021-07-12,GBP,FundPrice
126.1625,2021-07-09,GBP,FundPrice
125.662,2021-07-08,GBP,FundPrice
126.7338,2021-07-07,GBP,FundPrice
126.2143,2021-07-06,GBP,FundPrice
125.9941,2021-07-05,GBP,FundPrice
126.3618,2021-07-02,GBP,FundPrice
125.6998,2021-07-01,GBP,FundPrice
125.0077,2021-06-30,GBP,FundPrice
125.1089,2021-06-29,GBP,FundPrice
124.6499,2021-06-28,GBP,FundPrice
124.1528,2021-06-25,GBP,FundPrice
123.8613,2021-06-24,GBP,FundPrice
122.4955,2021-06-23,GBP,FundPrice
123.0712,2021-06-22,GBP,FundPrice
122.3288,2021-06-21,GBP,FundPrice
122.2024,2021-06-18,GBP,FundPrice
122.4375,2021-06-17,GBP,FundPrice
121.4825,2021-06-16,GBP,FundPrice
121.9481,2021-06-15,GBP,FundPrice
121.9496,2021-06-14,GBP,FundPrice
121.5521,2021-06-11,GBP,FundPrice
121.1113,2021-06-10,GBP,FundPrice
120.7575,2021-06-09,GBP,FundPrice
120.8732,2021-06-08,GBP,FundPrice
120.6067,2021-06-07,GBP,FundPrice
120.2598,2021-06-04,GBP,FundPrice
119.7699,2021-06-03,GBP,FundPrice
119.9085,2021-06-02,GBP,FundPrice
119.8178,2021-06-01,GBP,FundPrice
119.6448,2021-05-28,GBP,FundPrice
119.1496,2021-05-27,GBP,FundPrice
119.7226,2021-05-26,GBP,FundPrice
119.4009,2021-05-25,GBP,FundPrice
119.125,2021-05-24,GBP,FundPrice
118.2206,2021-05-21,GBP,FundPrice
118.1808,2021-05-20,GBP,FundPrice
116.9725,2021-05-19,GBP,FundPrice
116.9765,2021-05-18,GBP,FundPrice
117.8619,2021-05-17,GBP,FundPrice
118.3718,2021-05-14,GBP,FundPrice
116.9053,2021-05-13,GBP,FundPrice
115.786,2021-05-12,GBP,FundPrice
117.7011,2021-05-11,GBP,FundPrice
118.9672,2021-05-10,GBP,FundPrice
121.2452,2021-05-07,GBP,FundPrice
120.8137,2021-05-06,GBP,FundPrice
119.9228,2021-05-05,GBP,FundPrice
119.9671,2021-05-04,GBP,FundPrice
121.6601,2021-04-30,GBP,FundPrice
121.7225,2021-04-29,GBP,FundPrice
121.6723,2021-04-28,GBP,FundPrice
121.7738,2021-04-27,GBP,FundPrice
122.1337,2021-04-26,GBP,FundPrice
122.1353,2021-04-23,GBP,FundPrice
121.083,2021-04-22,GBP,FundPrice
120.6688,2021-04-21,GBP,FundPrice
119.7591,2021-04-20,GBP,FundPrice
120.564,2021-04-19,GBP,FundPrice
122.443,2021-04-16,GBP,FundPrice
122.2319,2021-04-15,GBP,FundPrice
121.137,2021-04-14,GBP,FundPrice
121.8743,2021-04-13,GBP,FundPrice
121.1961,2021-04-12,GBP,FundPrice
121.4231,2021-04-09,GBP,FundPrice
120.7789,2021-04-08,GBP,FundPrice
119.6137,2021-04-07,GBP,FundPrice
118.8317,2021-04-06,GBP,FundPrice
117.6401,2021-04-01,GBP,FundPrice
116.5109,2021-03-31,GBP,FundPrice
116.8345,2021-03-30,GBP,FundPrice
116.3889,2021-03-29,GBP,FundPrice
116.5827,2021-03-26,GBP,FundPrice
115.479,2021-03-25,GBP,FundPrice
114.9811,2021-03-24,GBP,FundPrice
115.5543,2021-03-23,GBP,FundPrice
116.053,2021-03-22,GBP,FundPrice
115.3303,2021-03-19,GBP,FundPrice
114.8971,2021-03-18,GBP,FundPrice
116.3399,2021-03-17,GBP,FundPrice
116.2276,2021-03-16,GBP,FundPrice
116.3441,2021-03-15,GBP,FundPrice
115.3257,2021-03-12,GBP,FundPrice
114.73,2021-03-11,GBP,FundPrice
113.7077,2021-03-10,GBP,FundPrice
113.4,2021-03-09,GBP,FundPrice
112.2971,2021-03-08,GBP,FundPrice
112.7034,2021-03-05,GBP,FundPrice
110.339,2021-03-04,GBP,FundPrice
112.0885,2021-03-03,GBP,FundPrice
113.5095,2021-03-02,GBP,FundPrice
114.3681,2021-03-01,GBP,FundPrice
111.6746,2021-02-26,GBP,FundPrice
111.6312,2021-02-25,GBP,FundPrice
113.625,2021-02-24,GBP,FundPrice
113.1555,2021-02-23,GBP,FundPrice
113.7415,2021-02-22,GBP,FundPrice
115.0061,2021-02-19,GBP,FundPrice
115.3458,2021-02-18,GBP,FundPrice
116.7204,2021-02-17,GBP,FundPrice
116.7555,2021-02-16,GBP,FundPrice
116.9725,2021-02-15,GBP,FundPrice
117.0862,2021-02-12,GBP,FundPrice
116.9423,2021-02-11,GBP,FundPrice
116.3231,2021-02-10,GBP,FundPrice
116.689,2021-02-09,GBP,FundPrice
116.9558,2021-02-08,GBP,FundPrice
116.1437,2021-02-05,GBP,FundPrice
116.0136,2021-02-04,GBP,FundPrice
115.2542,2021-02-03,GBP,FundPrice
115.2737,2021-02-02,GBP,FundPrice
113.5259,2021-02-01,GBP,FundPrice
111.4376,2021-01-29,GBP,FundPrice
113.5491,2021-01-28,GBP,FundPrice
113.1568,2021-01-27,GBP,FundPrice
115.3565,2021-01-26,GBP,FundPrice
116.1368,2021-01-25,GBP,FundPrice
115.8832,2021-01-22,GBP,FundPrice
115.8103,2021-01-21,GBP,FundPrice
116.353,2021-01-20,GBP,FundPrice
115.1976,2021-01-19,GBP,FundPrice
114.6411,2021-01-18,GBP,FundPrice
114.7291,2021-01-15,GBP,FundPrice
114.7679,2021-01-14,GBP,FundPrice
115.2939,2021-01-13,GBP,FundPrice
115.1233,2021-01-12,GBP,FundPrice
116.1504,2021-01-11,GBP,FundPrice
116.1645,2021-01-08,GBP,FundPrice
115.7105,2021-01-07,GBP,FundPrice
114.0666,2021-01-06,GBP,FundPrice
113.1881,2021-01-05,GBP,FundPrice
112.7756,2021-01-04,GBP,FundPrice
112.807,2020-12-31,GBP,FundPrice
113.1624,2020-12-30,GBP,FundPrice
113.9507,2020-12-29,GBP,FundPrice
112.577,2020-12-24,GBP,FundPrice
112.3315,2020-12-23,GBP,FundPrice
113.7596,2020-12-22,GBP,FundPrice
113.7566,2020-12-21,GBP,FundPrice
113.0863,2020-12-18,GBP,FundPrice
112.4592,2020-12-17,GBP,FundPrice
112.3542,2020-12-16,GBP,FundPrice
112.7027,2020-12-15,GBP,FundPrice
112.2544,2020-12-14,GBP,FundPrice
113.0718,2020-12-11,GBP,FundPrice
112.7643,2020-12-10,GBP,FundPrice
111.8029,2020-12-09,GBP,FundPrice
112.6353,2020-12-08,GBP,FundPrice
112.7965,2020-12-07,GBP,FundPrice
111.5873,2020-12-04,GBP,FundPrice
110.6412,2020-12-03,GBP,FundPrice
111.7195,2020-12-02,GBP,FundPrice
111.3427,2020-12-01,GBP,FundPrice
110.2852,2020-11-30,GBP,FundPrice
110.9799,2020-11-27,GBP,FundPrice
110.4549,2020-11-26,GBP,FundPrice
109.9696,2020-11-25,GBP,FundPrice
109.9718,2020-11-24,GBP,FundPrice
109.0398,2020-11-23,GBP,FundPrice
108.847,2020-11-20,GBP,FundPrice
109.5135,2020-11-19,GBP,FundPrice
108.659,2020-11-18,GBP,FundPrice
109.7023,2020-11-17,GBP,FundPrice
110.4983,2020-11-16,GBP,FundPrice
109.3857,2020-11-13,GBP,FundPrice
108.7766,2020-11-12,GBP,FundPrice
108.8934,2020-11-11,GBP,FundPrice
107.4951,2020-11-10,GBP,FundPrice
108.4177,2020-11-09,GBP,FundPrice
107.5987,2020-11-06,GBP,FundPrice
107.7718,2020-11-05,GBP,FundPrice
106.3884,2020-11-04,GBP,FundPrice
103.4184,2020-11-03,GBP,FundPrice
102.5703,2020-11-02,GBP,FundPrice
101.6624,2020-10-30,GBP,FundPrice
103.2937,2020-10-29,GBP,FundPrice
101.9082,2020-10-28,GBP,FundPrice
104.4631,2020-10-27,GBP,FundPrice
105.0291,2020-10-26,GBP,FundPrice
106.6048,2020-10-23,GBP,FundPrice
105.8437,2020-10-22,GBP,FundPrice
105.1856,2020-10-21,GBP,FundPrice
106.9987,2020-10-20,GBP,FundPrice
106.471,2020-10-19,GBP,FundPrice
107.9471,2020-10-16,GBP,FundPrice
108.1408,2020-10-15,GBP,FundPrice
107.6929,2020-10-14,GBP,FundPrice
108.7138,2020-10-13,GBP,FundPrice
108.5306,2020-10-12,GBP,FundPrice
107.6469,2020-10-09,GBP,FundPrice
107.3158,2020-10-08,GBP,FundPrice
106.7877,2020-10-07,GBP,FundPrice
104.9851,2020-10-06,GBP,FundPrice
105.8114,2020-10-05,GBP,FundPrice
104.2369,2020-10-02,GBP,FundPrice
105.6786,2020-10-01,GBP,FundPrice
104.3782,2020-09-30,GBP,FundPrice
104.6828,2020-09-29,GBP,FundPrice
104.853,2020-09-28,GBP,FundPrice
104.1213,2020-09-25,GBP,FundPrice
102.811,2020-09-24,GBP,FundPrice
102.6593,2020-09-23,GBP,FundPrice
104.6894,2020-09-22,GBP,FundPrice
103.4653,2020-09-21,GBP,FundPrice
103.6913,2020-09-18,GBP,FundPrice
104.3744,2020-09-17,GBP,FundPrice
104.7861,2020-09-16,GBP,FundPrice
106.3023,2020-09-15,GBP,FundPrice
105.456,2020-09-14,GBP,FundPrice
104.8571,2020-09-11,GBP,FundPrice
104.3262,2020-09-10,GBP,FundPrice
104.2885,2020-09-09,GBP,FundPrice
102.423,2020-09-08,GBP,FundPrice
103.4325,2020-09-07,GBP,FundPrice
102.9721,2020-09-04,GBP,FundPrice
103.6052,2020-09-03,GBP,FundPrice
106.3676,2020-09-02,GBP,FundPrice
104.1415,2020-09-01,GBP,FundPrice
104.5369,2020-08-28,GBP,FundPrice
105.0784,2020-08-27,GBP,FundPrice
105.2028,2020-08-26,GBP,FundPrice
104.6888,2020-08-25,GBP,FundPrice
104.6876,2020-08-24,GBP,FundPrice
103.6561,2020-08-21,GBP,FundPrice
103.0003,2020-08-20,GBP,FundPrice
102.7891,2020-08-19,GBP,FundPrice
102.7826,2020-08-18,GBP,FundPrice
103.4186,2020-08-17,GBP,FundPrice
102.8741,2020-08-14,GBP,FundPrice
103.2959,2020-08-13,GBP,FundPrice
103.4782,2020-08-12,GBP,FundPrice
101.9211,2020-08-11,GBP,FundPrice
102.0617,2020-08-10,GBP,FundPrice
102.3438,2020-08-07,GBP,FundPrice
101.747,2020-08-06,GBP,FundPrice
101.5385,2020-08-05,GBP,FundPrice
101.4719,2020-08-04,GBP,FundPrice
101.0635,2020-08-03,GBP,FundPrice
99.5785,2020-07-31,GBP,FundPrice
100.127,2020-07-30,GBP,FundPrice
101.1702,2020-07-29,GBP,FundPrice
100.3961,2020-07-28,GBP,FundPrice
101.2525,2020-07-27,GBP,FundPrice
101.1292,2020-07-24,GBP,FundPrice
102.1895,2020-07-23,GBP,FundPrice
103.1795,2020-07-22,GBP,FundPrice
102.7338,2020-07-21,GBP,FundPrice
103.2434,2020-07-20,GBP,FundPrice
103.1337,2020-07-17,GBP,FundPrice
102.3135,2020-07-16,GBP,FundPrice
102.6889,2020-07-15,GBP,FundPrice
102.1551,2020-07-14,GBP,FundPrice
100.8401,2020-07-13,GBP,FundPrice
100.8756,2020-07-10,GBP,FundPrice
100.5876,2020-07-09,GBP,FundPrice
101.0414,2020-07-08,GBP,FundPrice
100.6922,2020-07-07,GBP,FundPrice
102.2462,2020-07-06,GBP,FundPrice
100.7818,2020-07-03,GBP,FundPrice
100.8291,2020-07-02,GBP,FundPrice
100.128,2020-07-01,GBP,FundPrice
100.4861,2020-06-30,GBP,FundPrice
99.9257,2020-06-29,GBP,FundPrice
98.7766,2020-06-26,GBP,FundPrice
99.5942,2020-06-25,GBP,FundPrice
98.6331,2020-06-24,GBP,FundPrice
100.4447,2020-06-23,GBP,FundPrice
100.1694,2020-06-22,GBP,FundPrice
100.3756,2020-06-19,GBP,FundPrice
100.1606,2020-06-18,GBP,FundPrice
99.2828,2020-06-17,GBP,FundPrice
99.136,2020-06-16,GBP,FundPrice
96.8887,2020-06-15,GBP,FundPrice
96.7543,2020-06-12,GBP,FundPrice
95.539,2020-06-11,GBP,FundPrice
99.512,2020-06-10,GBP,FundPrice
100.05,2020-06-09,GBP,FundPrice
